{
  "0" : {
    "hobby" : "talking javascript",
    "name" : "Addy Osmani",
    "salary" : "76340.0"
  },
  "1" : {
    "name" : "Paul Irish",
    "salary" : "94320.0",
    "status" : "married"
  },
  "2" : {
    "name" : "Pete Hunt",
    "salary" : "67000.0"
  },
  "3" : {
    "name" : "Pete sampras",
    "salary" : "105540.0"
  },
  "4" : {
    "name" : "Remy Sharp",
    "salary" : "82220.0"
  },
  "5" : {
    "name" : "David Beckham",
    "salary" : "64430.0",
    "sleepHour" : 4
  },
  "6" : {
    "favLibrary" : "React",
    "name" : "A Random Guy",
    "pizzaSlice" : 5,
    "salary" : "36000.0"
  },
  "7" : {
    "name" : "JS Dude",
    "salary" : "44432"
  },
  "-JvacZOcfUEvub7mxeo-" : {
    "name" : "MD Khan",
    "organization" : "Nielsen",
    "salary" : "53454"
  },
  "-Jvac_s61TL9oYM5SjMR" : {
    "name" : "MD Khan",
    "salary" : "43454"
  },
  "-JvacbMTxlHCG5VaVDWg" : {
    "name" : "MD Khan",
    "salary" : "33454"
  },
  "-JviNyklLgZqk4rSB8pA" : {
    "name" : "MD Khan",
    "salary" : "23444"
  },
  "-JviO0Y_tNNMQNrdZVBR" : {
    "name" : "MD Khan",
    "salary" : "53444"
  },
  "-JviO3gXUpSdnZHtliWg" : {
    "name" : "MD Khan",
    "salary" : "63444"
  }
}
